Title,Slug,URL,Categories,Rating,Genres,Language,Quality,Download Links
"Nippon Sangoku: The Three Nations of the Crimson Sun (Season 1) Hindi Dubbed & English & Japanese [Triple Audio] WEB-DL 1080p & 720p HD [2026– Anime Series] [S1 All Episodes - Added!]","nippon-sangoku-s01-hindi","https://new.pikahd.co/nippon-sangoku-s01-hindi","10bit-hevc; amazon-prime; animated; anime-hindi-dubbed; drama; triple-audio-anime-hindi-dubbed","","","","",""
"[18+] Yowayowa Sensei (Season 1) Uncensored Hindi Dubbed (ORG) [Dual Audio] WEB-DL 1080p 720p 480p HD [2026 Anime Series] [Episodes 03 Added !]","yowayowa-sensei-season-1-hindi","https://new.pikahd.co/yowayowa-sensei-season-1-hindi","adult; animation; anime-hindi-dubbed; comedy; drama; dual-audio; ecchi-adult-anime","","","","",""
"Doraemon: Great Adventure in the Antarctic Kachi Kochi (Movie 37) Hindi Dubbed (ORG) [Dual Audio] WEB-DL 1080p 720p 480p HD [2017 Anime Movie]","doraemon-great-adventure-in-the-antarctic-kachi-kochi-2017-hindi","https://new.pikahd.co/doraemon-great-adventure-in-the-antarctic-kachi-kochi-2017-hindi","adventure; animation; anime-hindi-dubbed; comedy; dual-audio; family; fantasy; mystery; sci-fi","","","","",""
"The Beginning After the End (Season 2) Hindi Dubbed (ORG) & English + Japanese [Triple Audio] 1080p 720p HEVC [2025- Anime Series [Episode 10 Added!]","the-beginning-after-the-end-s02-hindi","https://new.pikahd.co/the-beginning-after-the-end-s02-hindi","10bit-hevc; action; adventure; animation; anime-hindi-dubbed; drama; fantasy; triple-audio-anime-hindi-dubbed","","","","",""
"Reborn as a Vending Machine, I Now Wander the Dungeon (Season 3) Hindi Dubbed (ORG) & English + Japanese [Triple Audio] WEB-DL 1080p 720p 480p HD [2025 Anime Series] [S3 Episodes - 10 Added !","reborn-as-a-vending-machine-s03-hindi","https://new.pikahd.co/reborn-as-a-vending-machine-s03-hindi","10bit-hevc; adventure; anime-hindi-dubbed; comedy; drama; fantasy; triple-audio-anime-hindi-dubbed","","","","",""
"The Rising of the Shield Hero (Season 3) Hindi Dubbed (ORG) & English + Japanese [Triple Audio] WEB-DL 1080p & 720p HEVC HD [2019 Anime Series] [S3 All Episodes - zip Added]","the-rising-of-the-shield-hero-s03-hindi","https://new.pikahd.co/the-rising-of-the-shield-hero-s03-hindi","10bit-hevc; action; adventure; animated; anime-eng-subbed; anime-dubbed; anime-hindi-dubbed; fantasy; isekai-fantasy; triple-audio-anime-hindi-dubbed","","","","",""
"The Rising of the Shield Hero (Season 2) Hindi Dubbed & English & Japanese [Triple Audio] WEB-DL 1080p & 720p HD [2019 Anime Series] [S2 All Episodes - zip Added]","the-rising-of-the-shield-hero-s02-hindi","https://new.pikahd.co/the-rising-of-the-shield-hero-s02-hindi","action; adventure; animation; anime-dubbed; anime-hindi-dubbed; hindi-dubbed","","","","",""
"The Rising of the Shield Hero (Season 1) Hindi Dubbed & English & Japanese [Triple Audio] WEB-DL 1080p & 720p HD [2019– Anime Series] [S1 All Episodes - Zip Added]","the-rising-of-the-shield-hero-s01-hindi","https://new.pikahd.co/the-rising-of-the-shield-hero-s01-hindi","action; adventure; animation; anime-dubbed; anime-hindi-dubbed; fantasy; hindi-dubbed; isekai-fantasy; triple-audio-anime-hindi-dubbed","","","","",""
"Karna the Guardian (Season 1) Hindi (ORG) & English [Dual Audio] 1080p & 720p HEVC HD [2026- Anime Series [Episode 07 Added!]","karna-the-guardian-s01-hindi","https://new.pikahd.co/karna-the-guardian-s01-hindi","action; adventure; animated; anime-hindi-dubbed; dual-audio; fantasy","","","","",""
"Marriagetoxin (Season 1) Hindi Dubbed (ORG) & English + Japanese [Triple Audio] 1080p 720p HEVC HD [2026- Anime Series [Episode 09 Added!]","marriagetoxin-s01-hindi","https://new.pikahd.co/marriagetoxin-s01-hindi","10bit-hevc; action; animated; animation; anime-hindi-dubbed; japanese; triple-audio-anime-hindi-dubbed","","","","",""
"Daemons of the Shadow Realm (Season 1) Hindi Dubbed & English & Japanese [Triple Audio] WEB-DL 1080p & 720p HD [2026– Anime Series] [S1 Episode 09 Added]","daemons-of-the-shadow-realm-s01-hindi","https://new.pikahd.co/daemons-of-the-shadow-realm-s01-hindi","animation; anime-dubbed; anime-hindi-dubbed; drama; hindi-dubbed","","","","",""
"Eren the Southpaw (Season 1) Hindi Dubbed (ORG) & Japanese [Dual Audio] 1080p & 720p HEVC HD [2026-Anime Series- [ Episode 09 Added!]","eren-the-southpaw-s01-hindi","https://new.pikahd.co/eren-the-southpaw-s01-hindi","10bit-hevc; animation; anime-hindi-dubbed; dual-audio; japanese","","","","",""
"Haikyu!! (Season 4) Hindi Dubbed (ORG) [Dual Audio] WEB-DL 1080p 720p 480p HD [2014–2020 Anime Series] [S4 Episode  17 - 20  Added !]","haikyu-s0n-4-hind","https://new.pikahd.co/haikyu-s0n-4-hind","animation; anime-hindi-dubbed; comedy; drama; sports; triple-audio","","","","",""
"The Ramparts of Ice (Season 1) Hindi Dubbed & English & Japanese [Triple Audio] WEB-DL 1080p & 720p HD [2026– Anime Series] [All Episodes - ZIP  Added!]","the-ramparts-of-ice-s01-hindi","https://new.pikahd.co/the-ramparts-of-ice-s01-hindi","animation; anime-dubbed; anime-hindi-dubbed; hindi-dubbed; romance","","","","",""
"Dr. Stone (Season 4) Hindi Dubbed (ORG) & English + Japanese [Triple Audio] WEB-DL 1080p 720p 480p HD [2025– Anime Series] [Episodes E36 Added !]","dr-stone-s0-4-hindi","https://new.pikahd.co/dr-stone-s0-4-hindi","action; adventure; animation","","","","",""
"Baki-Dou: The Invincible Samurai (Season 1 Part 2) Hindi Dubbed 5.1 (ORG) & English + Japanese [Triple Audio] WEB-DL 1080p & 720p HD [2026 Anime Series] [All Episodes - zip Added]","baki-dou-the-invincible-samurai-s01-part-2-hindi","https://new.pikahd.co/baki-dou-the-invincible-samurai-s01-part-2-hindi","action; adventure; animation; anime-hindi-dubbed; netflix; series-netflix; sports; thriller","","","","",""
"Fullmetal Alchemist: Brotherhood (Season 1) Hindi Dubbed & English & Japanese [Triple Audio] BluRay 1080p & 720p HD [2009–2010 Anime Series] [Episodes 43 - 45 Added]","fullmetal-alchemist-brotherhood-s01-hindi","https://new.pikahd.co/fullmetal-alchemist-brotherhood-s01-hindi","action; adventure; animation; anime-dubbed; anime-hindi-dubbed; fantasy; hindi-dubbed; sci-fi","","","","",""
"Agents of the Four Seasons: Dance of Spring (Season 1) Hindi Dubbed (ORG) & English + Japanese [Triple Audio] CR DUB 1080p 720p HEVC [2026 Anime Series-[Episode 10 Added!]","agents-of-the-four-seasons-dance-of-spring-s01-hindi","https://new.pikahd.co/agents-of-the-four-seasons-dance-of-spring-s01-hindi","10bit-hevc; animated; animation; anime-hindi-dubbed; drama; fantasy; romance; triple-audio-anime-hindi-dubbed","","","","",""
"Wistoria: Wand and Sword (Season 2) Hindi Dubbed (ORG) English + Japanese [Triple Audio] WEB-DL 1080p 720p 480p HD [2024– Anime Series] [Episode 08 Added !]","wistoria-wand-and-sword-s02-hindi","https://new.pikahd.co/wistoria-wand-and-sword-s02-hindi","10bit-hevc; action; adventure; anime-hindi-dubbed; drama; fantasy; triple-audio-anime-hindi-dubbed","","","","",""
"Liar Game (Season 1) Hindi Dubbed (ORG) & English + Japanese [Triple Audio] 1080p 720p HEVC HD [2026- Anime Series [Episode 09  Added!]","liar-game-s01-hindi","https://new.pikahd.co/liar-game-s01-hindi","animated; animation; anime-hindi-dubbed; drama; japanese; thriller","","","","",""
"An Observation Log of My Fiancée Who Calls Herself a Villainess (Season 1) Hindi Dubbed (ORG) [Triple Audio] WEB-DL 1080p 720p 480p HD [2026- Anime Series] [Episode 09 Added !]","an-observation-log-of-my-fiancee-who-calls-herself-a-villainess-s01-hindi","https://new.pikahd.co/an-observation-log-of-my-fiancee-who-calls-herself-a-villainess-s01-hindi","animation; anime-hindi-dubbed; comedy; drama; fantasy; romance; sci-fi","","","","",""
"Watari-kun's ****** Is About to Collapse (Season 1) in Hindi Dubbed (ORG) & English + Japanese [Triple Audio] 1080p HEVC HD [2025 Anime Series -[ S1 All Episodes - zip Added!]","watari-kuns-is-about-to-collapse-s01-hindi","https://new.pikahd.co/watari-kuns-is-about-to-collapse-s01-hindi","10bit-hevc; animated; anime-eng-subbed; anime-dubbed; anime-hindi-dubbed; comedy; drama; triple-audio-anime-hindi-dubbed","","","","",""
"The Angel Next Door Spoils Me Rotten (Season 2) Hindi Dubbed (ORG) & Japanese [Dual Audio] AMZN WEB DL 1080p 720p HEVC HD [2026- Anime Series [ Episode 09 Added!]","the-angel-next-door-spoils-me-rotten-s02-hindi","https://new.pikahd.co/the-angel-next-door-spoils-me-rotten-s02-hindi","10bit-hevc; animation; anime-hindi-dubbed; comedy; drama; dual-audio; romance","","","","",""
"The Warrior Princess and the Barbaric King (Season 1) Hindi Dubbed (ORG) & English + Japanese [Triple Audio] 1080p & 720p HEVC HD [2025- Anime Series [S1 Episode 08 Added!]","the-warrior-princess-and-the-barbaric-king-s01-hindi","https://new.pikahd.co/the-warrior-princess-and-the-barbaric-king-s01-hindi","adventure; animation; anime-hindi-dubbed; comedy; fantasy; romance","","","","",""
"Snowball Earth (Season 1) Hindi Dubbed & English & Japanese [Triple Audio] WEB-DL 1080p & 720p HD [2026– Anime Series] [S1 Episode 09 Added]","snowball-earth-s01-hindi","https://new.pikahd.co/snowball-earth-s01-hindi","action; adventure; animation; anime-dubbed; anime-hindi-dubbed; fantasy; hindi-dubbed; mecha; sci-fi","","","","",""
"I Made Friends with the Second Prettiest Girl in My Class (Season 1) Hindi Dubbed (ORG) & Japanese [Dual Audio] 1080p & 720p HEVC HD [2026- Anime Series [Episode 04 Added!]","i-made-friends-with-the-second-prettiest-girl-in-my-class-s01-hindi","https://new.pikahd.co/i-made-friends-with-the-second-prettiest-girl-in-my-class-s01-hindi","10bit-hevc; animated; anime-hindi-dubbed; comedy; dual-audio; romance","","","","",""
"Witch Hat Atelier (Season 1) Hindi Dubbed (ORG) & Japanese [Dual Audio] WEB-DL 1080p & 720p HD [2025– Anime Series] [Episode 09 Added]","witch-hat-atelier-season-1-hindi","https://new.pikahd.co/witch-hat-atelier-season-1-hindi","adventure; animation; anime-hindi-dubbed; drama; dual-audio; fantasy; hindi-dubbed; japanese","","","","",""
"Re: Zero - Starting Life in Another World (Season 4) Hindi Dubbed (ORG) & English + Japanese [Triple Audio] WEB-DL 1080p 720p 480p HD [2026 Anime Series] [Episode - 03 Added !]","re-zero-s04-hindi","https://new.pikahd.co/re-zero-s04-hindi","10bit-hevc; adventure; animated; anime-dubbed; anime-hindi-dubbed; fantasy; isekai; mystery; thriller; triple-audio-anime-hindi-dubbed","","","","",""
"Baki-Dou: The Invincible Samurai (Season 1 Part 1) Hindi Dubbed 5.1 (ORG) & English + Japanese [Triple Audio] WEB-DL 1080p & 720p HD [2026– Anime Series] [All Episodes - zip Added]","baki-dou-the-invincible-samurai-s01-hindi","https://new.pikahd.co/baki-dou-the-invincible-samurai-s01-hindi","action; animation; anime-dubbed; anime-hindi-dubbed; drama; hindi-dubbed; netflix; series-netflix; sports; thriller","","","","",""
"Trigun Stargaze (Season 01) Hindi Dubbed (ORG) & English + Japanese [Triple Audio] WEB-DL 720p & 1080p HEVC [2023-] [All Episodes - zip Added!]","trigun-stargaze-s01-hindi","https://new.pikahd.co/trigun-stargaze-s01-hindi","10bit-hevc; action; adventure; animated; animation; anime-eng-subbed; anime-dubbed; anime-hindi-dubbed; triple-audio-anime-hindi-dubbed","","","","",""
"The Legend of Vox Machina (Season 4) Hindi Dubbed (DD 5.1) & English [Dual Audio] WEB-DL 1080p & 720p HD [2026 Adult Animated Series] [S4 Episode 07-09 Added]","the-legend-of-vox-machina-s4-hindi","https://new.pikahd.co/the-legend-of-vox-machina-s4-hindi","action; adult; adventure; amazon-prime; animated; animation; comedy; dual-audio; fantasy; hindi-dubbed","","","","",""
"Grand Blue Dreaming (Season 2) Hindi Dubbed (ORG) & Japanese [Dual Audio] WEB-DL 1080p & 720p HD [2018–2025 Anime Series] [All Episodes - zip Added]","grand-blue-dreaming-s02-hindi","https://new.pikahd.co/grand-blue-dreaming-s02-hindi","10bit-hevc; animated; anime-hindi-dubbed; comedy; drama; dual-audio","","","","",""
"Arco (2025) Hindi Dubbed (DD5.1) & French [Dual Audio] BluRay 2160p 1080p 720p 480p HDR/DV [French Animated Movie]","arco-2025-hindi","https://new.pikahd.co/arco-2025-hindi","adventure; animated; animation; dual-audio; fantasy; sci-fi","","","","",""
"The Rising of the Shield Hero (Season 4) Hindi Dubbed (ORG) & English + Japanese [Triple Audio] WEB-DL 1080p & 720p HEVC HD [2019 Anime Series] [S4 All Episodes - zip Added]","the-rising-of-the-shield-hero-s04-hindi","https://new.pikahd.co/the-rising-of-the-shield-hero-s04-hindi","10bit-hevc; action; adventure; animated; anime-eng-subbed; anime-dubbed; anime-hindi-dubbed; fantasy; isekai-fantasy; triple-audio-anime-hindi-dubbed","","","","",""
"Scum of the Brave (Season 1) Hindi Dubbed (ORG) & Japanese [Dual Audio] AMZN WEB DL 1080p & 720p HEVC HD [2026-Anime Series- [Episode - 16 Added!]","scum-of-the-brave-s01-hindi","https://new.pikahd.co/scum-of-the-brave-s01-hindi","action; amazon-prime; animated; anime-hindi-dubbed; comedy; dual-audio; fantasy","","","","",""
"That Time I Got Reincarnated as a Slime (Season 4) Hindi Dubbed (ORG) & English + Japanese [Triple Audio] 1080p & 720p HEVC HD [2018- Anime Series [S4 Episode 03 Added!]","that-time-i-got-reincarnated-as-a-slime-s04-hindi","https://new.pikahd.co/that-time-i-got-reincarnated-as-a-slime-s04-hindi","10bit-hevc; action; adventure; animated; anime-dubbed; anime-hindi-dubbed; comedy; fantasy; triple-audio-anime-hindi-dubbed","","","","",""
"Primal (Season 3) in English (DD5.1) With English Subtitles WEB-DL 1080p 720p 480p HD [2026 Adult Animated Series] [ All Episodes + Zip Added !]","primal-season-3-eng","https://new.pikahd.co/primal-season-3-eng","action; adult; adventure; animated; english-subtitles","","","","",""
"Primal (Season 2) in English (DD5.1) With English Subtitles WEB-DL 1080p 720p 480p HD [2022 Adult Animated Series] [ All Episodes + Zip Added !]","primal-season-2-eng","https://new.pikahd.co/primal-season-2-eng","action; adult; adventure; animated; english-subtitles","","","","",""
"Primal (Season 1) in English (DD5.1) With English Subtitles WEB-DL 1080p 720p 480p HD [2019 Adult Animated Series] [ All Episodes + Zip Added !]","primal-season-1-eng","https://new.pikahd.co/primal-season-1-eng","action; adult; adventure; animated; animation; english-subtitles","","","","",""
"Captain Tsubasa (Season 1) Hindi Dubbed (ORG) & Japanese [Dual Audio] WEB-DL 1080p & 720p HD [2018–2019 Anime Series] [Episodes 40 - 42 Added]","captain-tsubasa-season-1-hindi","https://new.pikahd.co/captain-tsubasa-season-1-hindi","animation; anime-hindi-dubbed; comedy; drama; dual-audio; family; hindi-dubbed; japanese; sports","","","","",""
"Farming Life in Another World (Season 1) in Hindi Dubbed (ORG) & English + Japanese [Triple Audio] 1080p & 720p HEVC HD [2023-2026 Anime Series -[ S1 Episode 01 - 02 Added!]","farming-life-in-another-world-s01-hindi","https://new.pikahd.co/farming-life-in-another-world-s01-hindi","10bit-hevc; animation; anime-dubbed; anime-hindi-dubbed; fantasy; romance","","","","",""
"Farming Life in Another World (Season 2) in Hindi Dubbed (ORG) & English + Japanese [Triple Audio] 1080p & 720p HEVC HD [2023-2026 Anime Series -[ S2 Episode 01 - 02 Added!]","farming-life-in-another-world-s02-hindi","https://new.pikahd.co/farming-life-in-another-world-s02-hindi","10bit-hevc; animated; animation; anime-dubbed; anime-hindi-dubbed; fantasy; romance; triple-audio-anime-hindi-dubbed","","","","",""
"Rick and Morty (Season 9) WEB-DL 1080p 720p 480p HD [In English (5.1 DD) + Eng Subtitles] [2026 TV Series] S9 Episode 04 Added","rick-and-morty-s09","https://new.pikahd.co/rick-and-morty-s09","action; adult; adventure; animated; animation; comedy; drama; english-subtitles; fantasy; sci-fi; tv-shows","","","","",""
"Tamon's B-Side (Season 1) Hindi Dubbed & English & Japanese [Triple Audio] WEB-DL 1080p & 720p HD [2026– Anime Series] [S1 Episodes 02 Added]","tamon-kun-ima-docchi-s01-hindi","https://new.pikahd.co/tamon-kun-ima-docchi-s01-hindi","animation; anime-dubbed; anime-hindi-dubbed; comedy; drama; hindi-dubbed; romance","","","","",""
"Bunnicula (Season 1) Hindi Dubbed (ORG) [Dual Audio] WEB-DL 1080p 720p 480p HD [2016-2019 Animated Series] [All Episodes Added !]","bunnicula-2016-season-1-hindi","https://new.pikahd.co/bunnicula-2016-season-1-hindi","adventure; animated; animation; comedy; dual-audio; fantasy; sci-fi","","","","",""
"Wacky Races (Season 1) Hindi Dubbed (ORG) & English [Dual Audio] WEB-DL 1080p & 720p HD [2017–2019 Animated Series] [S1 All Episodes Added]","wacky-races-2017-s01-hindi","https://new.pikahd.co/wacky-races-2017-s01-hindi","animation; dual-audio; family; fantasy; hindi-dubbed; sports","","","","",""
"Naruto the Movie: Ninja Clash in the Land of Snow - Hindi Dubbed (ORG) & English + Japanese [Triple Audio] 1080p & 720p HEVC HD [2004 - Anime Movie-[ All links Added!]","naruto-the-movie-ninja-clash-in-the-land-of-snow-hindi","https://new.pikahd.co/naruto-the-movie-ninja-clash-in-the-land-of-snow-hindi","10bit-hevc; action; adventure; animated; anime-dubbed; anime-hindi-dubbed; comedy; triple-audio-anime-hindi-dubbed","","","","",""
"I Am Frankelda (2025) Hindi Dubbed (DD5.1) & English & Spanish [Multi Audio] WEB-DL 1080p 720p 480p HD [Spanish Animated Movie]","i-am-frankelda-2025-hindi","https://new.pikahd.co/i-am-frankelda-2025-hindi","animation; family; fantasy; horror; movie; musical","","","","",""
"Oshi No Ko (Season 1) Hindi Dubbed & English & Japanese [Triple Audio] WEB-DL 1080p & 720p HD [2023– Anime Series] [S1 All Episodes + Zip Added]","oshi-no-ko-season-1-hindi","https://new.pikahd.co/oshi-no-ko-season-1-hindi","animation; anime-dubbed; anime-hindi-dubbed; drama; fantasy; hindi-dubbed","","","","",""
"Skeleton Knight in Another World (Season 1) Hindi Dubbed (ORG) & English + Japanese [Triple Audio] Uncensored 1080p & 720p HEVC HD [2022 - 2026 Anime Series [S1 Episode 03 Added!]","skeleton-knight-in-another-world-s01-hindi","https://new.pikahd.co/skeleton-knight-in-another-world-s01-hindi","10bit-hevc; action; adult; adventure; animation; anime-hindi-dubbed; triple-audio-anime-hindi-dubbed","","","","",""
"Arifureta: From Commonplace to World's Strongest (Season 1) Hindi Dubbed (ORG) English + Japanese [Triple Audio] 720p HEVC HD [2019-2025 Anime Series -[S1 All Episodes - zip Added!","arifureta-from-commonplace-to-worlds-strongest-s01-hindi","https://new.pikahd.co/arifureta-from-commonplace-to-worlds-strongest-s01-hindi","10bit-hevc; action; adult; adventure; animated; animation; anime-hindi-dubbed; fantasy; romance; triple-audio-anime-hindi-dubbed","","","","",""
"Asterix in Britain (1986) Hindi Dubbed (ORG) [Triple Audio] WEB-DL 1080p 720p 480p HD [French Animated Movie]","asterix-in-britain-1986-hindi","https://new.pikahd.co/asterix-in-britain-1986-hindi","adventure; amazon-prime; animated; animation; comedy; drama; fantasy; triple-audio","","","","",""
"Asterix vs. Caesar (1985) Hindi Dubbed (ORG) [Triple Audio] WEB-DL 1080p 720p 480p HD [French Animated Movie]","asterix-vs-caesar-1985-hindi","https://new.pikahd.co/asterix-vs-caesar-1985-hindi","adventure; animation; comedy; drama; dual-audio; fantasy","","","","",""
"Ghost Stories (Season 1) English Dubbed (ORG) & Japanese [Dual Audio] 1080p AV1 & 480p HEVC [2000 - 2001 Anime Series [S1 All Episodes - zip Added!]","ghost-stories-s01-english","https://new.pikahd.co/ghost-stories-s01-english","10bit-hevc; anime-dubbed; comedy; dual-audio; fantasy; horror; mystery","","","","",""
"Dorohedoro (Season 2) Hindi Dubbed (ORG) & English + Japanese [Triple Audio] WEB-DL 1080p 720p HEVC HD [2020–2025 Anime Series] [S2 All Episodes - zip Added]","dorohedoro-s02-hindi","https://new.pikahd.co/dorohedoro-s02-hindi","10bit-hevc; action; adult; adventure; animated; anime-eng-subbed; anime-dubbed; anime-hindi-dubbed; comedy; fantasy; horror; triple-audio-anime-hindi-dubbed","","","","",""
"Hoppers (2026) Hindi Dubbed (DD 5.1) & English [Dual Audio] WEB-DL 1080p 720p 480p HD [2026 Animated Movie]","hoppers-2026-hindi","https://new.pikahd.co/hoppers-2026-hindi","adventure; animated; animation; comedy; family; movie; sci-fi","","","","",""
"Code: Breaker (Season 1) English Dubbed (ORG) & Japanese [Dual Audio] 1080p HEVC BD [2012 Anime Series [S1 All Episodes - zip Added!]","code-breaker-s01-english","https://new.pikahd.co/code-breaker-s01-english","action; adventure; anime-dubbed; crime; dual-audio","","","","",""
"Chained Soldier (Season 2) Uncensored English Dubbed (ORG) & Japanese [Dual Audio] WEB-DL 1080p & 720p HD [2024– Anime Series] [All Episodes + Zip Added]","chained-soldier-s02-english","https://new.pikahd.co/chained-soldier-s02-english","action; animation; anime-hindi-dubbed; dual-audio; ecchi-adult-anime; fantasy; hindi-dubbed; japanese; romance","","","","",""
"One Piece (Season 22) The Egghead Arc Hindi Dubbed & English & Japanese [Triple Audio] WEB-DL 1080p & 720p HD [1999– Anime Series] [S22 Episodes 46 - 62 Added]","one-piece-s22-the-egghead-arc-hindi","https://new.pikahd.co/one-piece-s22-the-egghead-arc-hindi","action; adventure; animation; anime-dubbed; anime-hindi-dubbed; comedy; drama; fantasy; hindi-dubbed; japanese; sci-fi","","","","",""
"Milky Subway: The Galactic Limited Express - the Movie Hindi Dubbed (ORG) [Triple Audio] NF WEB-DL 1080p 720p 480p HD [2025 Anime Movie]","milky-subway-the-galactic-limited-express-the-movie-2025-hindi","https://new.pikahd.co/milky-subway-the-galactic-limited-express-the-movie-2025-hindi","action; adventure; animation; anime-hindi-dubbed; comedy; dubbed-movie; english-dubbed; netflix; sci-fi","","","","",""
"[18+] Gantz (Season 1) Hindi Dubbed & English & Japanese [Triple Audio] WEB-DL 1080p & 720p HD [2004 Adult Anime Series] [S1 All Episodes - zip Added]","gantz-season-1-hindi","https://new.pikahd.co/gantz-season-1-hindi","action; animation; anime-dubbed; anime-hindi-dubbed; drama; hindi-dubbed","","","","",""
"Doraemon the Movie: Nobita's Little Star Wars 2021 (Movie 41) Hindi Dubbed (ORG) [Dual Audio] BluRay 1080p 720p 480p HD [2022 Anime Movie]","doraemon-the-movie-nobitas-little-star-wars-2021-2022-hindi","https://new.pikahd.co/doraemon-the-movie-nobitas-little-star-wars-2021-2022-hindi","adventure; animation; anime-hindi-dubbed; comedy; drama; dual-audio; family; fantasy; sci-fi","","","","",""
"Arifureta: From Commonplace to World's Strongest (Season 1) English Dubbed (ORG) + Japanese [Dual Audio] 720p HEVC HD [2019-2025 Anime Series -[S1 All Episodes - zip Added!","arifureta-from-commonplace-to-worlds-strongest-s01-english","https://new.pikahd.co/arifureta-from-commonplace-to-worlds-strongest-s01-english","10bit-hevc; action; adventure; animation; anime-dubbed; dual-audio","","","","",""
"Mob Psycho 100 II (Season 2) Hindi Dubbed & English & Japanese [Triple Audio] BluRay 1080p & 720p HD [2016–2022 Anime Series] [S2 All Episodes + OVA Added]","mob-psycho-100-s02-hindi","https://new.pikahd.co/mob-psycho-100-s02-hindi","action; animation; anime-dubbed; anime-hindi-dubbed; comedy; english-dubbed; fantasy; hindi-dubbed; sci-fi","","","","",""
"Arifureta: From Commonplace to World's Strongest (Season 2) Hindi Dubbed (ORG) English + Japanese [Triple Audio] 1080p & 720p HEVC HD [2019-2025 Anime Series -[S2 All Episodes - zip Added!","arifureta-from-commonplace-to-worlds-strongest-s2-hindi","https://new.pikahd.co/arifureta-from-commonplace-to-worlds-strongest-s2-hindi","action; adventure; animated; anime-eng-subbed; anime-dubbed; anime-hindi-dubbed; fantasy; romance; triple-audio-anime-hindi-dubbed","","","","",""
"Scooby-Doo and Guess Who? (Season 2) Hindi Dubbed (ORG) & English [Dual Audio] WEB-DL 1080p & 720p HD [2019–2021 Animated Series] [S2 All Episodes Added]","scooby-doo-and-guess-who-season-2-hindi","https://new.pikahd.co/scooby-doo-and-guess-who-season-2-hindi","adventure; animated; animation; comedy; crime; dual-audio; fantasy; hindi-dubbed; japanese; mystery","","","","",""
"Scooby-Doo and Guess Who? (Season 1) Hindi Dubbed (ORG) & English [Dual Audio] WEB-DL 1080p & 720p HD [2019–2021 Animated Series] [S1 All Episodes Added]","scooby-doo-and-guess-who-season-1-hindi","https://new.pikahd.co/scooby-doo-and-guess-who-season-1-hindi","adventure; animated; animation; comedy; crime; dual-audio; family; fantasy; hindi-dubbed; japanese; mystery","","","","",""
"Idaten Jump (Season 1) Hindi Dubbed (ORG) & English [Dual Audio] WEB-DL 1080p & 720p HD [2005–2006 Anime Series] [S1 All Episodes + Zip Added]","idaten-jump-season-1-hindi","https://new.pikahd.co/idaten-jump-season-1-hindi","adventure; animation; anime-hindi-dubbed; comedy; dual-audio; family; hindi-dubbed; japanese; sports","","","","",""
"Easygoing Territory Defense by the Optimistic Lord (Season 1) Hindi Dubbed (ORG) & Japanese [Dual Audio] 1080p & 720p HEVC HD [2026- Anime Series [All Episodes - zip Added!]","easygoing-territory-defense-by-the-optimistic-lord-s01-hindi","https://new.pikahd.co/easygoing-territory-defense-by-the-optimistic-lord-s01-hindi","10bit-hevc; action; animated; anime-hindi-dubbed; comedy; dual-audio; fantasy","","","","",""
"The Super Mario Galaxy Movie (2026) Hindi Dubbed (DD 5.1) & English [Dual Audio] WEB-DL 1080p 720p 480p HD [2026 Animated Movie]","the-super-mario-galaxy-movie-2026-hindi","https://new.pikahd.co/the-super-mario-galaxy-movie-2026-hindi","action; adventure; animation; comedy; dual-audio; family; fantasy","","","","",""
"Kaguya-sama: Love is War (Season 2 + S03) English Dubbed (ORG) & Japanese [Dual Audio] 1080p HEVC HD [2019-2023 Anime Series [All Episodes - zip Added!]","kaguya-sama-love-is-war-english","https://new.pikahd.co/kaguya-sama-love-is-war-english","10bit-hevc; animated; anime-eng-subbed; anime-dubbed; comedy; drama; dual-audio; romance","","","","",""
"The Fruit of Evolution: Before I Knew It, My Life Had It Made (Season 1 + S02) English Dubbed (ORG) & Japanese [Dual Audio] 1080p HEVC HD [2021-2023 Anime Series [All Episodes - zip Added!]","the-fruit-of-evolution-english","https://new.pikahd.co/the-fruit-of-evolution-english","10bit-hevc; adventure; anime-eng-subbed; anime-dubbed; comedy; dual-audio","","","","",""
"One Piece Film: Red (2022) English Dubbed (ORG) & Japanese [Dual Audio] 1080p HEVC BDRip Full Movie Added!]","one-piece-film-red-english","https://new.pikahd.co/one-piece-film-red-english","10bit-hevc; action; adventure; amazon-prime; anime-dubbed; dual-audio","","","","",""
"New Gods: Yang Jian (Movie) Hindi Dubbed (ORG) & English + Chinese [Triple Audio] DD 5.1 1080p HEVC BluRay [2022 Anime Movie [Full Movie Added!]","new-gods-yang-jian-bluray","https://new.pikahd.co/new-gods-yang-jian-bluray","action; anime-dubbed; anime-hindi-dubbed; fantasy; triple-audio-anime-hindi-dubbed","","","","",""
"Fullmetal Alchemist (Season 1) Hindi Dubbed (ORG) & Japanese [Dual Audio] WEB-DL 1080p & 720p HD [2003–2004 Anime Series] [All Episodes – Zip Added! ]","fullmetal-alchemist-season-1-hindi","https://new.pikahd.co/fullmetal-alchemist-season-1-hindi","action; adventure; animation; anime-hindi-dubbed; dual-audio; hindi-dubbed; japanese","","","","",""
"Trigun Stargaze (Season 1) English Dubbed (ORG) & Japanese [Dual Audio] 1080p HEVC HD [2023-2026 Anime Series [S1 All Episodes - zip Added]","trigun-stargaze-s01-english","https://new.pikahd.co/trigun-stargaze-s01-english","10bit-hevc; action; adventure; animated; anime-dubbed; dual-audio","","","","",""
"Dorohedoro (Season 1) Hindi Dubbed (ORG) & English + Japanese [Triple Audio] WEB-DL 1080p 720p HEVC HD [2020–2025 Anime Series] [S1 All Episodes - zip Added]","dorohedoro-s01-hindi","https://new.pikahd.co/dorohedoro-s01-hindi","10bit-hevc; action; adventure; animated; anime-dubbed; anime-hindi-dubbed; comedy; fantasy; horror; triple-audio-anime-hindi-dubbed","","","","",""
"The Legend of Hei 2 English Dubbed (DD 5.1) WEB-DL 1080p 720p 480p HD [2025 Anime Movie]","the-legend-of-hei-2-2025-eng","https://new.pikahd.co/the-legend-of-hei-2-2025-eng","action; adventure; animation; drama; english-dubbed; fantasy","","","","",""
"The Legend of Hei English Dubbed (DD5.1) & Chinese [Dual Audio] BluRay 1080p 720p 480p HD [2019 Anime Movie]","the-legend-of-hei-2019-eng","https://new.pikahd.co/the-legend-of-hei-2019-eng","action; adventure; animation; anime-dubbed; drama; fantasy","","","","",""
"Devil May Cry (Season 2) Hindi Dubbed (DD 5.1) & English [Dual Audio] WEB-DL 1080p & 720p HD [2025 Anime Series] [S2 All Episodes – Zip Added]","devil-may-cry-season-2-hindi","https://new.pikahd.co/devil-may-cry-season-2-hindi","action; adventure; animated; animation; anime-hindi-dubbed; dual-audio; fantasy; hindi-dubbed; japanese; mystery; netflix; series-netflix","","","","",""
"Love Stage!! (Season 1) English Dubbed (ORG) & Japanese [Dual Audio] 1080p & 720p HEVC HD [2014- Abime Series [S1 All Episodes - zip Added!]","love-stage-s01-english","https://new.pikahd.co/love-stage-s01-english","10bit-hevc; animated; anime-dubbed; comedy; dual-audio; romance","","","","",""
"Release That Witch (Season 1) Hindi Dubbed (ORG) & Chinese [Dual Audio] WEB-DL 1080p 720p 480p HD [2026– Anime Series] [All Episodes - zip Added !]","release-that-witch-s01-hindi","https://new.pikahd.co/release-that-witch-s01-hindi","10bit-hevc; action; adventure; anime-hindi-dubbed; dual-audio; fantasy; isekai","","","","",""
"Hell's Paradise (Season 2) English Dubbed & Japanese [Dual Audio] Esub CR WEB-DL 1080p 720p 480p HD [2023 Anime Series] – All Episodes - zip Added !","hells-paradise-s02-english","https://new.pikahd.co/hells-paradise-s02-english","10bit-hevc; action; adult; adventure; animated; anime-dubbed; drama; dual-audio; fantasy","","","","",""
"Kamisama Kiss (Season 1 + S02) English Dubbed (ORG) & Japanese [Dual Audio] BD 1080p HEVC HD [2012-2016 Anime Series [ S1 -S2 All Episodes - zip Added!]","kamisama-kiss-all-s01-s02-english","https://new.pikahd.co/kamisama-kiss-all-s01-s02-english","10bit-hevc; animated; anime-dubbed; comedy; dual-audio; fantasy; romance","","","","",""
"Fairy Tail (Season 8) Hindi Dubbed (ORG) & English + Japanese [Triple Audio] MUSE DUB 1080p BD HEVC [2009-2019 Anime Series [All Episodes - zip Added!]","fairy-tail-s08-hindi","https://new.pikahd.co/fairy-tail-s08-hindi","10bit-hevc; action; adventure; animated; anime-hindi-dubbed; fantasy; triple-audio-anime-hindi-dubbed","","","","",""
"Cells at Work! (Season 2) Hindi Dubbed (ORG) & Japanese [Dual Audio] JHS WEB DL 1080p HEVC HD [2018 - 2021 Anime Series [S2 All Episodes Added!]","cells-at-work-s02-hindi","https://new.pikahd.co/cells-at-work-s02-hindi","10bit-hevc; action; adult; adventure; anime-hindi-dubbed; comedy; dual-audio; fantasy","","","","",""
"Grand Blue Dreaming (Season 1) Hindi Dubbed (ORG) & Japanese [Dual Audio] WEB-DL 1080p & 720p HD [2018–2025 Anime Series] [S1 All Episodes - Added]","grand-blue-dreaming-season-1-hindi","https://new.pikahd.co/grand-blue-dreaming-season-1-hindi","adventure; animation; anime-hindi-dubbed; comedy; dual-audio; hindi-dubbed; japanese","","","","",""
"Frieren: Beyond Journey's End (Season 2) Hindi Dubbed (ORG) & English + Japanese [Triple Audio] WEB-DL 1080p 720p 480p HD [2026 Anime Series] [All Episodes - zip Added !]","frieren-beyond-journeys-end-s02-hindi","https://new.pikahd.co/frieren-beyond-journeys-end-s02-hindi","10bit-hevc; action; adventure; animated; anime-hindi-dubbed; drama; triple-audio","","","","",""
"The Super Mario Galaxy Movie (2026) In English (DD 5.1) WEB-DL 1080p 720p 480p HD [2026 Animated Movie]","the-super-mario-galaxy-movie-2026-eng","https://new.pikahd.co/the-super-mario-galaxy-movie-2026-eng","adventure; animated; animation; comedy; drama; family; fantasy","","","","",""
"Loner Life in Another World (Season 1) English Dubbed (ORG) & Japanese [Dual Audio] 1080p & 720p HEVC HD [2024 Anime Series- [S1 All Episodes - zip Added!]","loner-life-in-another-world-s01-english","https://new.pikahd.co/loner-life-in-another-world-s01-english","10bit-hevc; action; adventure; anime-hindi-dubbed; comedy; fantasy; isekai-fantasy; triple-audio-anime-hindi-dubbed","","","","",""
"Dorohedoro (Season 2) English Dubbed (DD 5.1) & Japanese [Dual Audio] WEB-DL 1080p & 720p HD [2020–2025 Anime Series] [S2 Episode 07 Added]","dorohedoro-season-2-english","https://new.pikahd.co/dorohedoro-season-2-english","action; animation; anime-dubbed; comedy; dual-audio; fantasy; horror; japanese; netflix; sci-fi","","","","",""
"Tokyo Ghoul: Jack (2015) Special Episode Hindi Dubbed (ORG) [Dual Audio] WEB-DL 1080p 720p HEVC [Tokyo Ghoul OVA]","tokyo-ghoul-jack-ova-hindi","https://new.pikahd.co/tokyo-ghoul-jack-ova-hindi","action; animation; anime-hindi-dubbed; drama; dual-audio; fantasy; horror; sci-fi","","","","",""
"Rooster Fighter (Season 1) English Dubbed (ORG) & Japanese [Dual Audio] WEB-DL 1080p & 720p HD [2026 Anime Series] [S1 Episode 05 - 07 Added]","rooster-fighter-season-1-english","https://new.pikahd.co/rooster-fighter-season-1-english","action; anime-hindi-dubbed; comedy; dual-audio; english-dubbed; english-subtitles; japanese","","","","",""
"Welcome to Demon-School, Iruma-kun (Season 2) Hindi Dubbed (ORG) & Japanese [Dual Audio] JHS WEB-DL 1080p & 720p HD [2019–2023 Anime Series] [S2 All Episodes - zip Added]","welcome-to-demon-school-iruma-kun-s02-hindi","https://new.pikahd.co/welcome-to-demon-school-iruma-kun-s02-hindi","10bit-hevc; anime-hindi-dubbed; comedy; drama; dual-audio","","","","",""
"Fairy Tail (Season 7) Hindi Dubbed (ORG) & English + Japanese [Triple Audio] MUSE DUB 1080p BD HEVC [2009-2019 Anime Series [All Episodes - zip Added!]","fairy-tail-s07-hindi","https://new.pikahd.co/fairy-tail-s07-hindi","10bit-hevc; action; adventure; anime-hindi-dubbed; fantasy; triple-audio-anime-hindi-dubbed","","","","",""
"A Misanthrope Teaches a Class for Demi-Humans (Season 1) Hindi Dubbed (ORG) [Triple Audio] WEB-DL 1080p 720p 480p HD [2026- Anime Series] [All Episodes zip Added !]","a-misanthrope-teaches-a-class-for-demi-humans-s01-hindi","https://new.pikahd.co/a-misanthrope-teaches-a-class-for-demi-humans-s01-hindi","animation; anime-hindi-dubbed; comedy; drama; fantasy; slice-of-life","","","","",""
"Tokyo Ghoul: Pinto (2015) Special Episode Hindi Dubbed (ORG) [Dual Audio] WEB-DL 1080p 720p HEVC [Tokyo Ghoul OVA]","tokyo-ghoul-pinto-ova-hindi","https://new.pikahd.co/tokyo-ghoul-pinto-ova-hindi","action; animation; anime-hindi-dubbed; drama; dual-audio; hindi-dubbed; horror; japanese; mystery","","","","",""
"Scarlet (2025) Hindi Dubbed (DD 5.1) & English + Japanese [Triple Audio] WEB-DL 1080p 720p HEVC HD [2025 Anime Movie]","scarlet-in-hindi","https://new.pikahd.co/scarlet-in-hindi","10bit-hevc; action; adventure; anime-hindi-dubbed; fantasy; sci-fi; triple-audio-anime-hindi-dubbed","","","","",""
"Invincible (Season 4)  [Hindi Dubbed (DD 5.1) & English] [Dual Audio] WEB-DL 1080p 720p 480p HD [TV Series] [All Episodes - Zip Added ]","invincible-s04-hindi","https://new.pikahd.co/invincible-s04-hindi","action; adventure; animation; drama; dual-audio; fantasy; sci-fi; thriller","","","","",""
"Bofuri: I Don't Want to Get Hurt, So I'll Max Out My Defense (Season 2) Hindi Dubbed (ORG) & English + Japanese [Triple Audio] 1080p & 720p HEVC HD [2020-2023-Anime Series-[ All Episodes - Zip Added!]","bofuri-s02-hindi","https://new.pikahd.co/bofuri-s02-hindi","10bit-hevc; action; adventure; anime-hindi-dubbed; comedy; fantasy; sci-fi; triple-audio-anime-hindi-dubbed","","","","",""
"There Was a Cute Girl in the Hero's Party, so I Tried Confessing to Her (Season 1) Hindi Dubbed (ORG) & Japanese [Dual Audio] WEB-DL 1080p 720p 480p HD [2026– Anime Series] [All Episodes - zip Added !]","there-was-a-cute-girl-in-the-heros-party-s01-hindi","https://new.pikahd.co/there-was-a-cute-girl-in-the-heros-party-s01-hindi","adventure; animated; animation; anime-hindi-dubbed; comedy; dual-audio; fantasy; romance","","","","",""
"Attack on Titan (Season 2) Hindi Dubbed (ORG) Muse India Dubbed 1080p HEVC 10bit BluRay [2013-2023-Anime Series-[All Episodes - zip Added!]","attack-on-titan-s02-bluray-hindi","https://new.pikahd.co/attack-on-titan-s02-bluray-hindi","10bit-hevc; a-must-watch; action; adult; adventure; anime-hindi-dubbed; fantasy; horror; triple-audio-anime-hindi-dubbed","","","","",""
"Kunon the Sorcerer Can See (Season 1) Hindi Dubbed (ORG) & Japanese [Dual Audio] WEB-DL 1080p 720p 480p HD [2026– Anime Series] [All Episodes - zip Added !]","kunon-the-sorcerer-can-see-s01-hindi","https://new.pikahd.co/kunon-the-sorcerer-can-see-s01-hindi","adventure; animated; anime-hindi-dubbed; dual-audio; fantasy","","","","",""
"In the Clear Moonlit Dusk (Season 1) English Dubbed (ORG) & Japanese [Dual Audio] AMZN WEB DL 1080p 720p HEVC [2026-Anime Series-[All Episodes - zip Added!]","in-the-clear-moonlit-dusk-s01-english","https://new.pikahd.co/in-the-clear-moonlit-dusk-s01-english","animation; anime-dubbed; dual-audio; romance","","","","",""
"Trigun Stargaze (Season 02) Hindi Dubbed (ORG) & English + Japanese [Triple Audio] WEB-DL 720p & 1080p HEVC [2023-] [All Episodes - zip Added!]","trigun-stampede-s02-hindi","https://new.pikahd.co/trigun-stampede-s02-hindi","action; adventure; animation; anime-hindi-dubbed; comedy; drama; sci-fi","","","","",""
"ROLL OVER AND DIE: I Will Fight for an Ordinary Life with My Love and Cursed Sword! (Season 1) Hindi Dubbed (ORG) [Triple Audio] WEB-DL 1080p 720p 480p HD [2026- Anime Series] [All Episodes - zip Added !]","roll-over-and-die-s01-hindi","https://new.pikahd.co/roll-over-and-die-s01-hindi","10bit-hevc; action; adult; adventure; animated; anime-hindi-dubbed; fantasy; romance; triple-audio-anime-hindi-dubbed","","","","",""
"Jujutsu Kaisen (Season 3) The Culling Game Arc Hindi Dubbed (ORG) & English + Japanese [Triple Audio] WEB-DL 1080p 720p 480p HD [2025- Anime Series] [All Episodes zip Added !]","jujutsu-kaisen-s03-hindi","https://new.pikahd.co/jujutsu-kaisen-s03-hindi","a-must-watch; action; adventure; anime-hindi-dubbed; fantasy; triple-audio-anime-hindi-dubbed","","","","",""
"Sentenced to Be a Hero: The Prison Records of Penal Hero Unit 9004 (Season 1) Hindi Dubbed (ORG) & English + Japanese [Triple Audio] WEB - DL 1080p HEVC 720p HEVC [2025- All Episodes - zip Added!]","sentenced-to-be-a-hero-in-hindi","https://new.pikahd.co/sentenced-to-be-a-hero-in-hindi","10bit-hevc; action; adventure; anime-hindi-dubbed; triple-audio-anime-hindi-dubbed","","","","",""
"Domestic Girlfriend (Season 1) English Dubbed (ORG) & Japanese [Dual Audio] AMZN WEB DL 1080p 720p HEVC [2019- Anime Series [ All Episodes - Zip Added!]","domestic-girlfriend-s01-english","https://new.pikahd.co/domestic-girlfriend-s01-english","10bit-hevc; adult; animated; anime-dubbed; drama; dual-audio; romance","","","","",""
"Dandelion (Season 1) Hindi Dubbed (DD 5.1) [Triple Audio] NF WEB-DL 1080p 720p 480p HD [2026- Anime Series] [All Episodes - Zip Added !]","dandelion-season-1-hindi","https://new.pikahd.co/dandelion-season-1-hindi","animation; anime-hindi-dubbed; comedy; drama; fantasy; netflix; sci-fi; series-netflix","","","","",""
"An Adventurer's Daily Grind at Age 29 (Season 1) Hindi Dubbed (ORG) [Triple Audio] WEB-DL 1080p 720p 480p HD [2026- Anime Series] [All Episodes - zip Added !]","an-adventurers-daily-grind-at-age-29-s01-hindi","https://new.pikahd.co/an-adventurers-daily-grind-at-age-29-s01-hindi","10bit-hevc; adventure; animated; anime-hindi-dubbed; fantasy; triple-audio-anime-hindi-dubbed","","","","",""
"Tokyo Ghoul: re (Season 4) Hindi Dubbed & English & Japanese [Triple Audio] WEB-DL 1080p & 720p HD [2018 Anime Series] [S04 All Episodes - Zip Added]","tokyo-ghoul-re-s04-hindi","https://new.pikahd.co/tokyo-ghoul-re-s04-hindi","action; animation; anime-hindi-dubbed; drama; fantasy; horror; sci-fi","","","","",""
"Twin Star Exorcists (Season 1) English Dubbed (ORG) & Japanese [Dual Audio] BD 1080p WEB-DL 2016-2017 Anime Series [All Episodes - zip Added!]","twin-star-exorcists-s01-english","https://new.pikahd.co/twin-star-exorcists-s01-english","10bit-hevc; action; animation; anime-dubbed; dual-audio; fantasy","","","","",""
"I May Be a Guild Receptionist, but I'll Solo Any Boss to Clock Out on Time (Season 1) English Dubbed (ORG) & Japanese [Dual Audio] 1080p WEB-DL 2024-2025 Anime Series [All Episodes - zip Added!]","i-may-be-a-guild-receptionis-s01-english","https://new.pikahd.co/i-may-be-a-guild-receptionis-s01-english","10bit-hevc; action; adventure; animated; anime-dubbed; comedy; dual-audio; fantasy","","","","",""
"You and I Are Polar Opposites (Season 1) Hindi Dubbed (ORG) & English + Japanese [Triple Audio] WEB-DL 1080p 720p 480p HD [2026– Anime Series] [All Episodes - zip Added !]","you-and-i-are-polar-opposites-s01-hindi","https://new.pikahd.co/you-and-i-are-polar-opposites-s01-hindi","10bit-hevc; anime-hindi-dubbed; triple-audio-anime-hindi-dubbed","","","","",""
"Tojima Wants to Be a Kamen Rider (Season 01) Hindi Dubbed (ORG) & English + Japanese [Triple Audio] WEB-DL 720p & 1080p HEVC [2025-] [All Episodes - zip Added!]","tojima-wants-to-be-a-kamen-rider-s01-hindi","https://new.pikahd.co/tojima-wants-to-be-a-kamen-rider-s01-hindi","10bit-hevc; action; animation; anime-hindi-dubbed; comedy; triple-audio-anime-hindi-dubbed","","","","",""
"Dorohedoro (Season 1) English Dubbed (ORG) & Japanese [Dual Audio] WEB-DL 1080p & 720p HD [2020–2025 Anime Series] [S1 All Episodes Added]","dorohedoro-season-1-english","https://new.pikahd.co/dorohedoro-season-1-english","action; animation; anime-dubbed; comedy; dual-audio; fantasy; horror; japanese","","","","",""
"Attack on Titan (Season 1) Hindi Dubbed (ORG) Muse India Dubbed [2013-2023-Anime Series-[All Episodes - zip Added!]","attack-on-titan-s01-muse-dub","https://new.pikahd.co/attack-on-titan-s01-muse-dub","10bit-hevc; a-must-watch; action; adult; adventure; anime-hindi-dubbed; fantasy; horror","","","","",""
"Fire Force (Season 3) Hindi Dubbed (ORG) & English + Japanese [Triple Audio] WEB-DL 1080p 720p 480p HD [2025– Anime Series] [All Episodes - zip Added !]","fire-force-s03-hindi","https://new.pikahd.co/fire-force-s03-hindi","action; animation; anime-hindi-dubbed; comedy; drama; triple-audio-anime-hindi-dubbed","","","","",""
